months_as_customer,age,insured_sex,collision_type,number_of_vehicles_involved,bodily_injuries,witnesses,police_report_available,auto_make,auto_model,auto_year,vehicle_claim_requested
134,29,0,0,3,2,3,0,0,0,7,60165.82648906283
228,44,1,2,1,0,1,0,1,1,9,5777.662923911734
137,34,1,1,3,0,0,0,2,2,12,90268.52159362126
165,37,1,1,3,2,2,1,3,3,15,60674.8781674549
27,33,0,1,1,1,1,1,4,4,12,64299.00999738314
212,42,1,0,1,2,1,0,5,5,96,54370.06976926145
235,42,0,1,1,2,2,0,6,6,2,86621.59856779155
447,61,0,1,3,1,2,1,3,7,6,126441.57775675111
60,23,1,0,1,1,0,0,5,8,0,76830.43300357243
121,34,0,2,1,1,1,0,4,9,10,9209.55594493126
70,26,1,0,3,1,2,1,2,10,12,57068.106118280964
140,31,1,2,1,0,2,1,7,11,15,65591.30279447067
160,37,0,2,1,1,0,0,1,12,15,147101.17895052975
196,39,0,2,3,2,0,0,2,2,14,116531.5836641439
460,62,1,0,3,1,0,0,7,13,11,115131.1158811461
217,41,0,2,3,1,2,0,1,1,96,80043.39392245187
237,40,1,0,1,1,3,0,6,14,5,160481.862320602
257,43,1,2,1,1,3,1,4,4,5,17855.420447656674
224,40,0,2,1,1,0,1,0,15,9,83738.13699585575
241,45,0,0,1,2,2,0,1,12,11,167647.69221125933
64,25,1,2,4,0,0,0,4,16,5,114220.70858894034
155,35,0,1,3,2,3,0,8,17,8,47229.50536723178
114,30,1,1,3,1,2,0,7,13,15,83164.52593393356
149,37,1,2,1,0,1,1,3,7,99,125851.97479463973
289,49,0,2,1,1,1,1,7,11,1,5005.212687389864
431,54,0,0,3,2,0,0,9,18,7,110755.48320811862
79,26,1,0,1,2,2,0,8,19,10,75990.93032479317
37,23,0,2,3,1,0,0,0,0,10,77806.61787082537
106,30,0,0,1,2,2,0,10,20,5,80475.36697574168
269,44,1,1,1,0,2,0,4,9,14,53938.15410453764
265,40,0,0,3,2,3,0,1,21,2,129377.6799750656
163,33,0,0,3,1,1,0,11,22,14,79522.886141114
175,34,0,2,1,2,0,1,12,23,95,11432.671785748114
192,35,0,0,1,0,0,0,10,24,0,75424.82990184931
430,59,1,1,3,0,3,1,2,2,98,120580.05210877201
91,27,0,2,1,1,2,0,8,19,8,8277.201748952335
217,39,1,2,1,2,1,1,4,16,0,5029.88811523029
223,40,0,2,3,1,0,0,7,25,99,120787.74138328737
195,39,1,2,1,0,1,1,6,6,9,3324.77995239524
22,26,1,0,1,1,2,0,13,26,95,79900.50436345243
439,56,0,1,3,2,3,0,11,27,14,65474.76633465372
94,32,0,2,1,1,3,0,13,26,14,2298.067801983797
11,39,1,1,1,0,1,0,5,28,7,143831.63971859365
151,36,0,2,3,1,1,0,6,14,0,52384.590182845226
245,44,1,2,3,0,3,0,11,29,97,67611.86526088498
119,32,1,2,1,0,3,1,8,19,11,101467.9306399638
478,64,0,2,3,1,1,0,8,30,98,68309.53675799801
128,30,1,1,1,0,3,0,3,3,97,74912.22706776818
338,49,1,2,1,0,1,0,6,6,4,7535.060335567469
199,41,0,0,1,1,2,0,13,31,99,74705.08616531
215,37,0,0,3,2,0,1,10,24,2,124066.04540486974
192,40,0,2,3,1,0,1,8,30,5,43047.21929319064
120,35,0,1,3,2,0,0,6,32,10,44594.01922711596
270,45,0,1,3,1,1,1,7,11,98,110927.01461059565
319,47,1,1,3,0,2,0,3,7,5,70546.72908946483
194,39,0,2,1,2,2,1,5,8,4,14688.796692783582
137,31,1,2,3,1,2,0,1,21,5,78888.2714379934
244,40,0,2,1,2,1,0,1,12,5,6465.806344884774
78,29,1,2,1,2,2,0,2,10,2,14851.18674651685
200,35,1,2,1,0,3,1,12,33,2,7044.058476203347
275,41,1,1,3,0,1,0,7,11,7,77437.28665444443
153,34,0,1,3,2,1,0,6,6,7,106165.6501918465
134,32,0,2,1,2,1,1,8,17,15,54089.60676527957
31,36,0,2,1,0,1,1,0,15,2,8337.79866014305
127,29,0,1,2,1,1,0,5,28,95,92197.41120005844
207,42,1,2,1,0,1,0,8,34,7,8737.44716816565
219,43,0,1,3,1,1,0,6,32,9,142725.562600458
271,42,0,0,3,1,0,0,10,35,5,189206.59033101518
80,25,0,2,1,2,0,1,4,9,1,14552.904247731032
295,48,0,2,1,1,2,1,5,8,99,4077.8039448333934
239,42,1,2,1,0,0,0,3,7,7,11500.319646589793
269,41,0,0,1,0,0,0,5,5,7,137673.41932111856
80,27,0,2,1,1,0,1,5,8,4,43242.7288911304
279,41,0,1,3,2,3,0,6,32,13,63304.604011831856
165,33,0,2,1,1,1,0,4,9,8,4530.999561865262
350,54,1,2,3,0,0,0,13,31,14,88865.69780020692
295,49,1,2,1,1,3,1,10,20,2,8560.456735333526
118,28,0,1,2,1,0,0,12,23,97,144129.23038812305
261,42,0,0,1,1,2,1,0,0,10,127744.45851965935
210,41,1,0,3,2,0,0,8,34,1,107090.45215261287
168,32,1,2,2,1,1,0,5,28,7,62745.174000924424
390,51,1,2,1,1,1,1,6,6,1,9474.263590115796
107,31,0,0,1,0,3,0,7,11,2,75600.98784829096
164,38,0,0,1,1,3,1,6,32,15,76006.24773570737
245,39,0,0,3,0,1,0,8,17,10,71716.39826317217
255,41,1,2,1,2,0,0,12,23,0,95243.76633302675
22,25,0,1,4,1,0,0,1,21,95,76709.74684216928
211,35,0,0,1,1,1,0,8,34,11,51778.78052453466
206,39,1,0,3,2,3,1,6,14,13,45499.11475618748
166,38,1,2,1,0,0,0,7,13,1,79668.39494496999
165,32,0,2,1,2,0,0,8,19,98,3928.9409087370204
280,45,1,1,3,1,2,0,6,14,99,115337.16304263797
194,39,1,1,3,2,2,0,0,0,12,106890.62345529451
112,27,0,1,3,0,1,0,2,2,13,80530.70185174025
24,33,0,2,1,2,1,0,9,18,2,59306.11245134167
93,32,1,2,1,1,1,0,8,17,6,112840.90316238372
200,40,0,2,1,0,0,0,6,14,15,8089.527381056946
120,28,0,0,3,0,3,0,8,34,10,90900.20633344642
325,46,0,0,3,1,2,1,4,4,99,87217.87689673904
124,32,0,1,3,0,2,1,8,34,95,130923.64210831282
211,35,1,0,1,0,1,0,10,20,8,56928.05459550276
287,41,1,2,1,2,3,0,7,25,1,5647.121530180119
122,34,1,2,1,2,1,1,13,26,13,14211.411610388475
106,31,0,0,3,0,3,1,1,21,11,95553.67908381595
209,38,0,1,1,1,1,0,2,2,14,81795.65129843072
134,32,0,2,1,1,0,0,3,7,14,162489.95401252067
288,45,1,0,3,2,1,0,10,24,9,50801.36741151048
431,54,0,0,3,2,3,0,7,25,97,112310.28956867926
461,61,1,0,3,2,1,1,9,18,6,79901.7596742321
428,59,0,2,1,2,3,0,5,5,13,13325.513644529225
45,38,1,1,3,2,0,0,7,11,13,67858.4640436154
136,29,0,2,1,2,0,0,11,29,99,5260.487975224353
216,36,0,2,1,2,3,0,10,20,14,7149.181419548905
278,48,0,1,1,2,0,0,13,26,97,121297.19163974101
295,48,0,2,2,2,1,1,12,23,2,115697.50277204975
122,34,0,0,3,2,0,1,10,20,11,142922.5317202672
108,29,0,2,3,2,2,1,7,11,12,64099.60298934777
298,45,1,1,3,0,0,0,5,8,99,124482.81228803321
276,46,0,2,1,0,1,0,4,9,15,9027.603565441745
47,37,1,2,1,1,0,0,9,18,11,11260.770635100698
222,42,1,0,3,0,0,0,9,18,6,77072.69020741993
73,29,1,0,3,1,0,0,0,15,1,40348.07006839479
8,31,0,1,3,0,2,1,12,33,14,52061.75807365499
294,44,0,2,1,0,1,0,6,32,2,10376.247050792756
324,46,1,0,1,1,0,1,9,18,11,110184.97617529561
155,34,1,1,1,1,1,1,11,22,98,163626.9591948376
261,45,0,0,1,0,1,0,12,33,3,94267.40973534898
245,40,0,1,1,0,1,0,13,31,98,159588.0561191293
235,39,1,2,1,2,1,0,13,26,10,4468.134225298887
53,36,1,2,3,2,0,1,3,7,6,53962.04433232035
426,54,0,2,1,2,3,0,0,15,97,137593.32438988684
111,27,0,2,1,2,3,0,1,1,9,89803.13134517704
296,46,1,1,1,0,2,0,10,24,13,66099.16684694604
177,34,0,1,3,1,1,0,3,7,9,40098.019181565236
238,39,0,2,1,1,3,1,13,36,10,10724.306018141437
128,28,0,0,1,0,2,1,11,27,7,147863.8234897365
449,57,1,2,1,0,1,1,12,23,8,8171.994754274857
252,39,1,2,1,1,2,0,2,10,1,114413.58100151394
359,47,0,1,1,0,3,0,10,24,12,83381.92433612965
19,32,1,2,1,1,1,1,2,10,15,10881.592492353917
73,26,1,0,3,0,1,1,13,36,3,41102.83234370906
285,44,1,2,2,2,3,0,5,8,6,118185.16753023045
223,43,0,2,1,0,3,0,1,21,6,6734.4691874128475
328,48,1,1,1,2,1,0,11,22,14,52015.76623156267
285,43,0,2,1,1,1,0,8,17,97,3494.5550788602036
30,31,1,2,1,2,1,1,7,13,11,6622.86645231471
342,49,1,0,1,2,0,1,7,11,6,100952.92941096764
219,39,0,2,1,0,2,0,13,31,15,5362.877725888668
468,62,1,0,3,0,3,0,13,36,9,65869.72171608426
241,39,1,0,3,1,2,0,5,28,95,28261.303429281554
223,43,0,0,1,2,1,0,8,19,11,111839.94834541036
124,29,1,2,3,0,3,1,3,7,5,96030.29676312744
343,48,1,2,4,2,3,0,10,24,3,94721.26111396021
404,53,1,2,1,0,1,0,7,11,2,13021.027512586343
63,24,0,2,1,2,0,0,4,16,15,6122.672457143079
210,37,1,2,1,1,2,0,0,0,99,12293.240195981938
335,50,1,2,3,2,3,1,12,23,9,26062.278342872316
69,26,0,1,1,2,2,0,3,3,8,129831.15538319867
38,28,1,2,1,2,1,0,8,34,4,13422.891645419779
281,43,1,2,3,1,0,0,8,30,99,80302.05690138158
298,49,0,1,1,2,2,0,9,37,12,30754.891970970166
330,50,0,2,1,0,0,0,13,26,95,82280.38277021612
362,50,1,2,3,1,1,0,10,20,95,100673.71387965896
241,38,0,2,3,0,3,1,1,21,8,88517.55822051577
245,41,1,1,1,0,1,1,9,18,99,68067.6874605708
371,52,0,0,2,2,0,0,1,1,10,161948.26406211246
377,53,0,1,3,1,3,0,5,28,15,102203.56326671368
154,37,0,0,1,0,3,0,1,21,0,171135.83261706357
166,34,0,2,1,0,2,1,11,27,5,104758.02016379831
298,46,1,2,1,2,3,1,12,23,5,30728.251353792773
235,42,0,2,4,2,1,1,4,9,6,113110.23779816442
172,35,1,0,3,2,0,0,2,2,99,125483.37332274792
428,54,1,2,3,1,0,0,2,38,9,109020.95190841812
99,32,1,1,1,1,1,0,0,0,99,38084.80928307795
272,41,0,2,1,1,1,0,5,5,10,126293.16530493238
151,37,0,1,1,1,1,0,7,11,99,36934.66845094975
249,43,0,1,1,0,0,1,5,5,15,69403.60809458692
190,40,0,2,1,2,1,1,2,38,1,9886.647369881073
174,36,0,0,3,2,2,0,0,0,12,86046.28446331406
95,28,1,2,1,1,2,0,10,20,14,6689.828690769075
2,28,0,2,1,0,2,1,5,5,8,76995.33222897488
101,27,1,2,1,0,3,0,10,20,9,6194.157560377509
94,30,0,0,1,1,3,1,13,31,1,72747.35318434554
242,40,0,2,1,1,1,0,5,8,98,13348.464495204269
461,57,0,2,3,0,1,0,0,0,95,67708.82283583477
208,36,1,2,3,1,0,1,1,12,4,101239.8672928235
244,40,0,2,1,1,3,1,4,4,14,8775.55119483952
122,29,0,2,1,0,1,0,0,15,14,8617.22315712258
244,40,1,2,3,1,1,0,0,0,1,117225.52453837793
84,30,0,2,1,1,0,1,12,23,10,108580.94623859623
394,57,0,2,1,1,0,0,3,3,99,8424.158077437973
35,29,0,0,3,0,0,0,8,34,9,139457.0422871157
156,37,1,0,3,0,3,0,2,2,1,49916.58890586314
195,36,0,1,3,2,3,1,13,36,7,113080.30374073029
369,55,1,0,3,2,0,1,4,9,3,131455.7488674889
271,40,0,2,1,0,0,0,3,7,12,2493.013700836104
107,26,0,0,3,1,0,0,2,38,2,94685.14903561438
217,39,0,1,3,0,2,0,6,32,97,79720.59098820953
243,43,0,1,3,0,1,0,9,18,8,44196.16246546933
296,42,1,2,3,1,2,0,5,28,12,147605.19813987555
32,38,0,2,3,2,1,1,8,30,97,133376.21928512625
259,39,0,2,3,1,3,0,2,38,12,73949.43051858929
201,40,0,2,1,0,0,1,9,37,3,10048.19933248411
189,36,0,2,3,1,3,1,6,14,9,128925.36852273677
105,33,0,1,1,0,1,0,1,21,8,109110.95648796138
163,31,1,0,3,2,0,0,7,25,99,70436.05241595497
219,40,0,2,1,1,0,0,4,4,97,13218.41530462298
40,39,0,2,1,0,2,0,8,17,13,12317.359860918406
284,42,1,2,1,0,1,0,13,31,96,127867.73265437983
59,40,1,1,3,0,2,0,8,34,10,79487.892481915
147,34,1,2,1,2,2,0,10,35,98,174986.69992041678
123,31,0,2,1,1,2,0,10,35,9,91587.40891372989
231,43,1,1,3,2,2,1,3,7,10,151562.13593352534
247,39,0,2,1,2,3,0,0,0,3,4352.646337138889
194,35,0,2,1,1,0,0,2,2,3,4798.684483757068
119,27,1,0,2,1,0,0,1,12,6,105988.45006860782
259,43,0,2,1,1,3,0,3,3,8,6777.816405884458
107,31,1,2,3,1,2,0,11,27,1,136506.78482618966
48,44,1,0,3,0,2,0,9,18,13,111353.43433490055
267,40,1,2,1,0,2,0,6,6,97,4203.734034060771
286,47,1,0,3,0,0,0,1,12,1,128505.50170556229
156,37,1,0,3,1,1,1,7,11,99,151053.306182406
165,36,1,2,3,2,2,0,8,17,8,109370.63812716334
158,33,0,2,1,0,0,0,7,11,12,71234.89004424964
436,59,1,2,3,2,2,0,4,16,14,63754.619882492996
91,30,0,2,3,2,0,0,8,30,9,127966.36006402611
256,42,0,0,1,2,1,0,2,38,98,98883.27465123744
274,46,1,2,3,1,3,0,8,34,9,127190.77283981079
275,45,0,2,3,1,1,0,1,21,98,63412.326630736905
1,33,0,0,3,1,0,0,4,9,6,44195.63834739031
233,37,0,1,1,0,2,1,4,16,5,134678.0216393688
142,30,1,0,3,0,3,1,0,0,10,130048.79730686366
266,44,1,1,1,1,2,1,8,17,12,75575.78834282058
350,50,0,0,3,0,2,0,3,7,15,56367.16227060787
399,55,1,2,3,1,1,1,2,2,10,171239.83168982627
305,49,0,1,3,0,2,0,12,33,3,106186.12418942318
276,47,1,0,3,0,0,0,13,36,14,133089.92044015473
129,28,1,2,1,2,3,0,4,4,5,70732.43522983229
85,25,0,2,1,2,2,0,2,38,5,10854.320004878187
101,26,0,2,1,2,2,0,7,11,95,3614.30387060193
96,30,1,2,1,0,0,1,6,14,4,71795.29237276233
121,31,0,0,1,0,1,1,8,17,2,116830.9526006594
176,39,1,2,3,2,1,0,13,26,8,59555.10359757669
159,37,1,0,1,2,0,0,0,0,99,88913.99705898909
120,30,0,1,1,1,1,1,5,5,0,197718.9587949548
212,35,1,1,3,1,3,0,7,25,96,114907.96894265003
299,42,0,0,1,1,3,0,8,17,0,91955.5427935199
334,47,1,2,1,0,3,0,6,32,11,8124.558239753833
86,28,1,2,1,0,2,1,9,18,2,52598.91337860998
429,56,1,0,1,2,0,1,7,25,2,58025.629397329256
257,43,0,1,1,2,2,1,10,20,5,136145.1714222827
15,34,1,2,3,1,0,0,3,3,9,90994.36517327835
250,43,0,2,1,1,3,0,12,33,11,81567.36274952644
65,26,0,0,1,1,3,0,11,27,11,61098.406979453044
475,57,1,1,1,0,2,0,7,25,0,107213.42402176997
77,27,0,1,3,0,0,0,12,23,95,66128.81061995572
256,43,0,0,1,0,0,0,2,38,97,87232.27443986778
229,37,0,2,3,1,1,1,6,32,95,139403.79784625187
110,28,1,2,3,0,2,0,7,13,10,120094.398482467
292,44,1,2,1,1,0,1,5,28,5,105316.57932968519
150,30,1,2,1,0,2,0,5,28,99,3995.066588904204
154,36,0,2,1,2,0,0,12,23,15,5428.7902088878545
289,47,0,1,1,1,0,1,4,9,96,78445.47690775707
309,47,1,0,4,0,1,0,0,0,2,138882.45679315945
396,57,1,1,3,2,1,0,5,28,95,97604.38056129767
273,41,0,2,2,1,2,1,11,29,15,68102.72951898193
129,30,0,1,1,1,3,0,7,25,9,77279.39133716947
419,53,1,2,4,0,0,1,7,25,12,74150.01367188907
315,44,0,1,3,1,0,1,12,33,6,27862.467732443994
72,29,0,0,1,1,0,0,0,15,13,89231.87474076674
32,26,1,2,1,1,2,0,4,16,9,76583.314940996
230,41,1,2,3,2,0,0,3,7,6,126783.74996357034
265,41,0,2,3,1,3,0,3,3,14,53574.407007970716
47,34,0,1,1,1,3,0,13,31,12,83386.18546376032
254,41,0,1,1,2,2,1,3,3,14,158295.97892327135
115,30,1,1,3,1,0,1,6,6,7,82445.00770561252
236,38,0,2,1,0,1,0,10,20,14,61331.63994247343
7,21,1,1,1,1,2,0,11,29,3,129591.37418230656
208,36,1,2,3,0,1,0,2,38,99,96447.49467560176
126,33,0,1,1,1,2,0,7,11,9,66707.12942509778
48,35,0,0,1,0,2,0,5,5,5,41677.080955988255
297,48,1,2,3,0,0,0,4,9,13,102085.91687890145
160,36,0,0,3,2,1,0,5,8,3,81305.61787714678
406,58,1,1,3,1,2,0,12,33,9,96084.22540411384
146,31,0,2,1,2,0,0,1,21,15,6228.299872204215
409,57,1,2,1,1,0,0,6,32,12,152246.57622023617
252,46,1,1,1,0,2,1,9,37,3,132577.91867734556
6,27,0,2,1,0,1,1,5,8,15,6494.031973957818
103,33,1,0,1,1,0,1,13,31,2,170559.75292019773
369,53,0,1,2,1,3,0,9,18,12,92516.57188233295
261,46,1,1,1,1,0,0,6,14,8,88915.76829304887
344,51,1,2,1,0,2,0,3,3,4,103229.12868602766
65,30,0,2,3,2,3,0,11,22,99,79093.8194325856
280,41,1,0,3,0,3,1,4,16,99,71668.45856140595
269,45,0,2,3,0,0,0,7,25,8,25597.23223280979
275,40,1,0,1,1,3,1,13,26,1,39074.482514010044
265,45,0,2,1,2,3,0,6,14,95,2609.546047594735
283,43,0,2,1,0,3,0,8,19,6,10190.496295045272
84,29,0,2,1,2,0,1,8,17,5,7200.084924961196
247,44,0,1,3,2,2,0,13,36,8,102798.7170049553
56,29,1,1,3,1,2,1,9,37,95,131181.90654605557
210,39,1,2,1,1,2,0,0,0,97,12213.304223283358
108,32,0,1,1,1,3,0,7,11,99,80313.35629010455
328,49,0,0,1,0,2,1,10,35,5,119110.6373114993
186,37,0,0,1,1,2,1,9,37,9,81109.8442819456
277,44,1,2,1,1,3,0,9,18,5,4105.191451272093
138,33,0,2,1,2,0,0,8,34,7,195354.4256949436
208,41,0,0,1,2,2,0,12,33,96,144444.00593260615
147,37,1,1,1,1,0,0,4,4,95,83840.03010181637
8,21,1,1,1,0,0,0,4,16,12,170085.87219147122
297,48,0,2,1,0,0,0,6,32,4,113345.85587715896
210,35,1,1,1,0,2,0,8,34,13,71791.15374631736
91,31,0,2,1,1,0,0,2,10,11,78078.29520893988
467,58,1,1,1,2,3,0,2,10,14,73126.92909945392
264,47,0,1,4,1,2,1,0,15,1,71424.74373753203
270,45,0,2,3,0,0,1,5,5,5,99849.97148508894
143,34,1,1,1,2,3,1,0,0,99,48021.57825423214
146,32,1,0,1,0,3,0,11,27,95,89096.98685064353
102,28,1,2,1,1,0,0,0,15,96,148993.95651771646
61,23,1,2,1,1,2,0,7,11,97,68676.91952511884
211,40,0,2,1,1,1,0,3,3,4,4671.556427639758
61,29,1,2,1,2,1,1,2,2,10,10124.623282338944
108,31,1,0,1,0,2,0,0,15,6,110385.62634211991
303,50,1,1,3,0,3,0,0,15,8,121705.76057443909
120,34,0,2,1,2,1,0,9,37,2,6767.254483543368
144,36,0,2,1,0,0,0,0,15,14,5755.418018365751
163,37,0,0,1,2,3,1,9,18,5,66470.1629776626
352,53,1,1,1,2,2,0,13,31,9,141856.02681926292
27,32,0,1,1,1,0,0,0,15,13,60705.118024280775
239,39,0,0,4,0,3,0,8,30,7,153749.94717201608
33,32,0,0,1,0,1,0,4,4,12,62810.88891917184
88,30,0,2,1,2,0,1,13,31,3,107589.7690674163
101,33,0,2,1,1,0,0,3,7,97,8210.044888448241
20,37,0,0,3,2,1,0,7,25,3,95501.68039356697
126,30,0,2,1,2,3,0,13,31,11,60107.5253327264
264,43,1,1,3,2,0,0,6,14,7,125258.74919390403
78,24,1,2,1,0,1,1,0,15,3,11298.157997016253
347,51,0,2,1,0,2,0,9,18,97,225601.6663419154
163,38,0,2,1,2,3,0,1,21,95,152752.71085668882
410,54,1,2,1,0,2,0,11,29,1,57036.350495054256
218,41,1,2,3,2,0,0,5,28,13,161242.91915609973
43,38,1,1,3,2,2,0,2,38,6,63693.71466877896
33,33,0,0,1,2,1,0,8,19,98,180334.81461103432
126,34,0,2,3,0,1,1,13,36,7,99666.27169177905
411,56,0,2,3,0,0,0,12,23,7,91355.50315758777
225,37,0,1,3,2,2,0,12,23,15,97210.82527701129
35,35,0,2,3,2,2,0,12,33,96,60206.250403759535
195,38,1,1,3,1,2,0,0,15,3,103696.3712255719
360,51,1,2,3,2,0,1,8,30,0,108859.50366628711
300,49,0,2,1,1,0,0,2,10,1,12043.89311701587
146,36,0,2,3,1,1,0,2,38,15,75815.37501302302
264,44,1,0,3,0,2,0,6,32,99,106818.57312002325
20,21,0,0,1,0,0,0,1,21,6,60971.01229599043
222,40,1,0,2,2,0,0,8,17,13,147295.8382705491
439,56,1,0,1,2,0,0,9,18,9,70733.07788408913
66,28,1,1,1,2,1,0,2,10,95,66512.05996181232
128,29,1,0,1,0,0,0,13,31,3,59111.257954932364
69,24,0,0,3,0,0,0,0,0,12,51729.406672205754
294,46,1,2,1,0,3,1,10,35,13,77054.21269761935
191,33,1,2,1,1,1,0,4,16,5,2684.951110458869
4,39,0,1,3,1,3,0,9,37,7,109432.36637400827
298,49,1,2,3,0,2,0,5,8,7,53492.58588224305
231,43,0,0,1,1,2,0,13,31,15,116040.57960515028
261,46,1,0,1,0,3,0,13,36,13,139732.23577779328
321,44,1,2,1,1,2,0,1,21,99,5027.357177866957
0,32,1,0,4,1,1,0,1,21,2,57428.17563089702
304,49,0,2,1,1,1,1,5,8,13,124657.94576314035
1,29,0,2,1,2,3,1,11,27,3,118127.8233510749
26,39,1,2,1,0,2,0,10,35,15,78867.09568575448
202,38,0,2,1,1,1,0,2,38,5,74754.21516443526
289,48,0,1,1,1,0,0,1,12,99,49083.04619949333
334,46,1,0,1,2,1,0,9,37,98,99211.65638377902
12,24,0,0,3,2,1,0,2,38,11,102233.35409753014
86,29,1,1,1,2,2,1,1,21,5,76697.1737232949
83,24,0,1,3,0,1,0,11,27,3,120115.08197810213
126,30,1,0,3,2,0,0,10,20,2,100587.10299384875
209,38,1,0,1,2,0,0,3,7,15,132853.92797945763
283,48,0,2,1,2,3,0,12,33,3,14245.194908354457
194,34,1,0,1,2,1,1,2,2,97,116369.44887191628
479,60,0,0,1,0,0,0,11,22,1,96710.14542765908
284,48,0,2,1,0,3,1,10,20,1,51287.41854123092
65,27,0,1,1,1,2,1,13,26,4,72460.48755249295
196,41,1,0,3,1,0,0,9,37,9,46549.94602398174
253,43,0,2,1,0,1,0,13,36,14,3434.0967797952962
280,43,1,1,1,0,2,0,1,1,4,151900.5004153837
5,26,0,0,1,1,3,0,3,3,3,135999.9104819103
220,42,1,0,4,0,2,1,11,22,5,115149.58633730134
85,30,0,0,3,2,1,1,6,6,4,113483.99975321889
266,46,0,2,1,1,2,0,4,16,4,3530.582109946289
41,26,0,2,1,1,1,0,9,37,97,9954.218698557024
316,45,0,2,3,2,0,1,7,11,13,127332.6039673699
285,47,0,2,1,1,1,0,6,6,13,4202.884643619027
379,54,0,1,1,0,1,0,9,37,10,99524.48523698846
354,48,0,1,1,2,3,1,13,31,95,147182.3468334352
342,53,0,1,1,0,0,0,1,21,0,97393.13089574454
169,38,1,1,3,1,3,1,10,24,12,120431.95410869364
339,49,1,2,1,0,3,0,10,35,9,11609.107160228712
259,42,0,0,3,1,2,1,2,2,6,63023.08565714415
254,46,1,1,3,1,3,1,12,33,4,56828.5167143977
440,55,0,2,3,2,1,0,2,38,95,94209.54853601653
230,44,0,1,1,0,2,1,8,34,15,107391.3045027506
138,30,0,1,1,2,2,0,12,33,11,149040.48888636
239,41,0,2,1,0,2,1,10,20,13,23639.940244929694
93,31,0,0,3,1,3,0,5,5,14,59109.820640161524
37,25,0,0,3,0,0,1,7,13,96,43012.54258942046
131,29,0,1,1,1,3,0,7,25,3,81110.40633859024
230,43,1,2,1,0,2,0,3,3,2,73971.6879934046
210,38,1,2,1,1,2,0,1,12,8,16388.348298454817
101,29,1,0,3,2,1,0,8,30,96,109651.2816865253
153,37,1,2,3,0,3,0,12,33,99,72536.18531912404
337,53,1,0,1,0,1,0,1,1,1,81787.6329033599
428,53,0,2,1,2,2,0,11,27,13,7542.675867665742
204,40,0,2,3,1,2,1,5,8,13,66400.19402406913
185,35,1,2,1,2,3,1,6,6,11,9499.579129456659
63,26,1,2,1,0,2,1,1,12,4,9494.241902933525
194,38,0,0,3,1,0,0,4,4,11,108357.28453149473
294,49,1,2,3,1,1,1,13,31,10,40269.76772929558
27,27,0,1,1,1,3,0,6,32,8,127510.7271797843
251,39,0,0,1,0,0,0,0,0,97,57006.61735951436
180,33,0,0,4,2,3,1,9,37,2,71987.11254533926
392,50,0,2,1,2,2,1,5,5,2,186567.42187496423
143,30,0,0,1,2,0,1,4,9,10,45881.26443695115
292,42,1,0,3,1,1,0,13,31,7,126138.5997274822
165,35,1,1,1,1,3,1,8,17,8,98033.72384199112
158,33,1,0,3,0,1,0,12,33,98,36326.10997827533
241,39,0,2,3,0,2,1,9,18,10,33354.607833322596
103,33,0,2,3,2,3,0,0,0,14,60721.542647052076
182,40,1,1,1,0,2,0,3,7,8,60533.14958363418
282,46,1,1,1,2,2,0,8,19,12,55214.82737076995
415,52,1,0,2,1,3,1,4,9,3,81117.65481126234
255,45,1,1,1,2,0,1,6,32,6,51913.276769590135
143,31,1,2,4,2,0,0,3,3,99,149997.87441226546
130,28,0,1,2,2,1,0,6,32,10,99555.43153974977
242,41,1,0,3,0,1,0,4,16,9,71898.21259038175
96,27,0,2,1,1,2,0,2,2,7,8753.850223086605
180,35,1,2,1,1,3,0,13,31,0,8849.362748887223
150,30,1,2,1,1,3,1,12,33,13,8938.067620417338
472,64,1,1,1,2,3,0,10,35,2,124796.35632471826
75,25,0,2,2,2,3,1,5,28,11,141688.84880753772
193,40,0,2,3,2,1,1,6,14,99,144475.80576699416
253,41,0,0,1,2,0,0,13,36,95,122179.07789556675
160,38,1,2,3,2,1,1,10,35,96,70757.782148021
56,36,1,0,1,1,2,1,6,14,1,140838.8222589524
286,41,0,2,1,2,0,0,0,0,3,6547.26072921571
286,41,0,1,3,1,3,1,5,5,7,63290.09980414598
239,38,0,1,3,1,3,0,5,28,3,107626.93182301619
98,31,1,1,1,2,0,0,6,14,97,78089.91307043767
70,27,0,2,1,2,3,0,4,4,0,6425.855957393846
75,27,1,2,2,0,1,1,4,9,8,63285.52293772368
246,44,1,0,1,1,0,0,1,21,97,60327.5315974118
110,27,0,2,1,0,3,0,3,7,10,124331.9971543216
236,39,0,2,1,0,0,0,1,1,3,14339.010294869757
267,46,0,1,4,2,1,0,12,33,96,143605.8309024734
463,57,1,1,1,2,0,1,0,15,95,99051.39540945241
303,46,1,0,3,1,0,0,4,16,6,78610.8114555964
137,30,1,1,3,2,1,0,13,36,5,108707.48196392205
56,42,0,0,1,1,2,1,8,34,98,85753.07675583815
75,27,1,1,3,0,2,1,12,23,3,172262.25675548712
131,33,1,2,1,0,1,0,4,4,10,9012.43314511019
153,34,1,2,3,1,0,0,2,2,0,113081.05007030275
103,26,1,1,2,2,2,0,12,23,10,48937.16805462564
97,28,1,0,1,1,0,0,9,18,6,44635.22207654697
214,36,0,1,3,0,3,0,5,28,6,67112.62144342206
87,27,0,2,1,2,1,1,6,6,96,71067.30857919806
27,28,1,2,1,2,0,0,9,37,12,5362.792681935707
127,31,1,2,1,1,0,0,2,38,96,9293.83147974616
422,60,0,1,1,1,1,0,10,20,99,137429.87390279275
303,50,1,2,4,1,2,0,0,15,10,116593.28303811631
228,40,1,2,1,0,2,0,4,4,10,8177.074066507196
128,35,0,1,3,2,1,0,13,31,8,85341.68557269922
147,37,0,0,2,1,2,0,1,21,4,85100.05063017734
287,45,1,1,1,0,2,0,1,21,6,125117.52220615686
162,35,0,2,1,0,3,1,4,4,1,99330.71374741182
106,28,1,2,1,2,1,1,5,8,99,8760.649308032362
292,45,1,2,1,0,2,0,7,13,97,8411.69789350718
290,48,1,2,2,1,1,0,2,38,14,51864.93597934985
182,38,0,2,1,2,3,1,0,0,5,180306.4027266687
362,55,0,0,3,0,3,0,7,11,98,72996.40865590954
143,32,0,0,1,2,0,0,5,5,95,137725.9137180975
254,40,1,1,1,2,2,0,12,33,9,95601.52687101343
249,43,0,0,3,2,1,1,11,27,14,54883.57155022378
169,36,1,1,3,2,3,0,0,15,4,134226.83217351933
235,40,1,2,1,1,2,0,7,25,3,133369.30800907718
112,32,1,2,1,0,2,0,11,27,12,8683.54035176987
103,27,0,1,3,1,1,0,9,18,8,112770.1442517602
109,29,0,2,3,1,3,1,9,18,95,89215.86639115892
2,20,0,2,1,1,3,1,3,3,0,102650.66615435401
198,34,1,2,1,1,1,1,6,6,1,167603.04663072107
107,32,1,2,1,1,3,0,6,6,10,5604.515140531826
303,43,0,0,1,2,0,0,2,10,13,124017.56333661165
101,32,1,1,1,0,3,1,7,11,10,89418.74277782101
446,57,1,1,3,0,0,0,9,18,12,99598.52848840725
330,48,1,2,1,1,3,0,0,15,6,55476.936765238584
211,37,0,1,3,1,0,0,11,27,9,92636.08744460915
172,33,0,2,3,0,1,0,5,8,99,58703.913381870436
316,46,0,2,1,0,1,1,1,12,0,93929.72781666643
204,40,1,0,1,1,1,0,3,3,97,58213.86991226312
278,47,1,0,1,2,2,1,4,4,10,120190.64512051958
434,57,1,0,3,1,3,0,2,10,3,113227.28366576099
209,36,0,0,3,1,3,0,9,18,14,92011.12731173096
250,43,1,1,1,0,3,0,6,6,2,56053.296753036055
61,25,0,0,3,1,0,0,0,0,0,56953.72859949544
80,28,0,0,1,0,1,0,0,15,11,57833.4846447837
25,38,1,2,1,1,1,1,4,16,95,7588.87661888627
4,29,1,2,1,0,2,0,9,18,8,8562.067722727668
32,29,1,1,3,2,0,0,5,28,6,118780.18320408654
125,31,1,2,1,1,2,0,5,28,3,7347.4315555374005
276,45,0,1,3,0,2,0,6,14,10,89582.78248927974
148,30,0,2,3,2,2,0,0,15,97,30607.60364200667
222,38,1,1,1,2,2,1,1,12,1,52443.284668485896
32,38,1,2,1,0,0,0,11,27,15,4889.059128470122
78,27,1,2,1,0,3,0,12,23,9,11295.946059156182
334,50,1,0,1,2,0,0,13,26,8,87346.71249476082
190,35,0,2,1,0,1,0,5,5,98,5349.29963974645
194,41,1,0,3,0,2,0,5,8,99,73611.46518402516
290,47,1,2,3,1,3,1,3,3,2,50357.50965471606
26,42,1,2,1,2,3,0,5,5,96,135485.314033584
254,41,0,1,1,2,2,0,8,30,99,84602.52059314879
137,35,1,2,1,1,1,0,9,37,5,12166.609224350872
134,36,1,2,3,2,0,1,6,14,96,139633.98689144402
73,30,0,0,3,0,0,1,3,7,13,108345.23186351455
289,45,0,2,1,2,1,0,11,29,6,5494.086817728548
176,36,1,0,1,2,1,1,12,33,6,86384.26885970881
145,37,0,0,1,2,3,0,2,10,2,53936.249978672335
164,31,0,2,1,1,0,0,10,20,2,4817.924720718462
396,57,1,2,1,1,3,0,12,23,0,2706.5205527419057
263,43,0,0,1,2,3,1,2,38,97,174079.45558916483
64,30,1,2,1,2,1,0,9,18,15,7441.318961875568
475,61,0,1,1,0,2,0,10,20,98,51454.15293829223
99,28,1,1,1,2,2,1,0,15,98,81125.57646881719
38,28,1,2,3,0,3,1,1,12,0,95621.50470713188
259,44,0,1,1,0,0,1,3,7,2,112022.17712816272
241,43,1,2,1,1,0,1,12,33,3,10233.05126935589
437,58,1,1,1,0,0,0,0,0,4,74052.23354103467
130,34,1,2,1,1,3,1,0,0,15,8241.464471161462
103,29,1,2,1,2,3,0,1,21,5,8736.84701898306
284,43,1,2,3,0,0,1,13,36,7,31798.686836080924
189,39,0,0,3,2,0,1,0,15,97,124040.67031599939
267,43,1,2,1,1,3,1,13,36,11,3645.5016851221503
116,31,0,2,1,0,0,0,7,25,97,44869.707158277015
219,43,0,2,1,2,2,1,4,9,6,119173.82173042433
96,26,0,1,1,2,3,0,5,5,7,147249.55433259963
149,34,0,0,1,0,1,0,0,0,99,94364.03305388453
246,43,1,2,1,2,1,0,1,1,6,51375.66212798368
293,45,0,1,3,1,1,0,9,18,15,76632.7451419476
339,48,1,0,3,2,1,0,12,33,1,44297.711469054615
160,33,0,1,3,2,3,1,2,2,6,116745.16296991597
224,42,0,1,1,0,0,1,11,22,98,38480.419177049334
194,34,1,2,1,0,3,0,13,31,3,8642.092095957374
385,51,0,0,3,1,3,0,7,11,7,87670.88791840283
100,33,1,0,1,1,2,0,8,34,4,70949.74502266006
255,39,0,2,3,0,3,0,3,7,10,26880.85543835381
37,31,0,2,3,1,1,1,0,0,95,109183.79781793829
322,44,0,2,3,0,3,0,9,18,10,65088.00107341468
204,38,0,2,1,0,1,0,6,6,3,118073.33189086906
76,31,0,2,1,2,1,0,10,20,95,14762.648914517496
193,40,0,2,1,0,0,1,1,12,1,95618.19012736689
405,55,1,0,4,0,2,0,13,36,97,50317.6996203553
435,58,1,0,3,1,1,1,10,20,4,38424.02619681941
54,35,0,2,3,2,0,0,2,10,12,163839.9414059804
144,35,1,2,3,0,0,0,0,15,95,166087.22171327984
92,32,1,0,1,2,3,1,9,18,96,60163.78197465859
173,36,1,0,1,2,3,0,1,21,95,69358.13227496226
436,60,1,1,1,0,2,0,5,28,5,75981.88066665381
155,35,0,1,1,0,3,0,2,10,97,48734.78894846475
78,31,0,2,3,2,1,0,2,10,97,57181.01570028359
366,50,0,0,3,1,3,0,10,24,12,60684.380533512005
188,37,0,0,1,2,0,1,7,25,3,68423.04029297104
224,39,0,0,3,2,1,0,7,13,7,54852.64062333752
253,46,0,1,3,0,0,0,9,18,1,125321.57873833657
446,61,0,0,1,2,0,1,7,25,7,117155.93211159152
169,37,1,2,3,2,1,1,3,3,5,60970.77136687095
255,46,0,1,3,1,0,0,12,33,11,68827.95662726123
209,39,1,2,1,1,1,0,13,26,95,55295.94574514868
210,37,0,1,1,1,3,1,4,9,0,84002.44942104009
174,33,0,0,3,0,1,1,5,28,95,40598.55913529539
70,28,1,2,4,1,0,1,4,4,6,33054.80244116796
89,32,0,2,1,1,2,0,3,7,2,128.07255176475368
458,61,0,1,1,2,1,0,12,23,3,76043.03632061458
239,40,0,0,3,0,0,1,0,15,3,64325.561226156504
161,38,1,1,3,2,2,1,12,33,3,57428.50010493506
446,61,0,0,3,2,1,0,2,38,5,82801.15575712551
476,61,0,1,1,1,2,1,7,11,9,60288.86627946401
70,29,0,1,1,0,3,0,0,0,9,111892.09211388035
233,41,0,2,1,0,1,0,13,31,11,4876.344327874453
122,33,1,2,1,0,1,0,2,38,3,7919.155591783943
85,27,1,0,4,0,0,0,4,4,12,58726.36414145542
133,30,1,1,3,1,2,0,0,15,7,65201.66264719578
169,34,0,0,1,0,0,1,12,23,12,41508.43718271741
225,39,1,2,1,2,1,1,2,2,11,11750.675811923486
169,39,1,0,3,0,3,0,7,11,15,71118.22398453149
124,32,0,2,1,0,1,0,4,4,3,130277.37553030356
320,48,1,1,3,2,0,0,5,8,95,61220.85113776769
297,47,1,2,3,0,3,1,9,37,99,69686.28080398233
136,33,0,2,1,0,1,1,4,16,15,35978.56342809547
46,24,0,2,1,2,0,0,4,4,99,114345.4346096743
34,24,0,2,1,0,1,0,3,7,98,3968.047475105361
95,30,1,0,1,0,3,0,1,21,99,72604.87638049
140,36,0,0,3,2,0,1,13,36,0,97458.10074257675
200,34,0,1,1,2,2,0,13,31,9,124535.18540886718
267,46,1,2,1,2,3,1,4,4,95,7589.753390061012
290,42,1,0,1,0,1,0,5,8,13,53140.97602300908
45,37,1,2,1,0,1,1,2,2,5,51749.694118163054
186,38,0,0,3,2,3,0,3,7,95,74575.72219992033
135,34,0,2,1,1,2,0,3,7,9,156607.70778553383
259,43,0,2,3,0,2,1,6,32,12,130690.09637487748
114,30,0,2,1,0,3,1,13,31,13,7283.681818767096
282,48,0,2,1,1,2,0,1,21,13,4435.392940089338
57,25,0,1,3,0,1,1,2,10,10,78912.93285413201
215,38,0,0,1,0,1,0,12,23,8,108212.5917762303
140,30,0,2,4,0,0,0,2,2,6,63485.0178628728
286,41,1,2,1,2,0,0,13,31,9,3669.9858238520746
356,47,1,2,1,0,3,0,0,0,9,83221.28323477524
65,29,1,2,1,0,0,0,3,3,99,12584.127536854914
187,34,0,2,3,0,0,0,2,2,11,86256.54384721702
386,53,1,1,1,2,3,1,11,22,6,55109.76905334818
166,37,0,0,1,1,1,0,6,6,1,79882.8488825002
293,49,0,1,1,1,1,0,12,23,2,123266.39301466437
179,32,0,1,1,0,1,0,7,13,6,53056.6168538435
76,24,0,2,3,1,1,0,7,25,97,154906.07975397407
105,28,0,0,3,2,2,0,3,3,95,79425.44798476016
148,36,0,2,1,2,0,0,0,15,9,72547.95462683473
295,46,0,2,1,1,3,1,2,2,7,10161.136706396972
126,28,0,0,4,0,1,0,6,6,11,76009.91501607253
132,32,1,2,1,1,1,1,7,11,5,8356.265636464794
370,55,1,2,1,0,2,0,10,35,15,14041.095067691122
257,43,0,0,1,0,1,1,2,2,6,82865.44826226679
234,43,1,0,1,2,2,1,0,15,11,84838.58126442425
253,44,0,2,1,0,3,0,13,31,98,9155.146926125677
233,39,1,0,3,1,0,1,5,8,99,60722.067392513105
274,44,0,2,1,2,1,0,8,34,0,11425.382568981477
273,47,0,2,3,1,3,0,9,18,14,47321.232022680946
285,42,1,2,1,0,3,0,4,16,5,86882.56199377165
289,43,0,2,3,1,3,0,9,18,10,59948.33390784851
380,53,1,2,1,0,3,0,5,28,1,11679.211220225829
13,21,1,2,3,2,0,1,1,1,14,133023.07333253298
312,47,0,2,3,2,3,0,10,35,0,66112.5566038879
266,46,1,1,1,1,3,1,2,2,96,71020.20311421301
30,36,0,2,3,2,2,0,5,8,8,131055.72637320551
198,36,1,0,3,1,3,1,3,7,15,81375.5924709693
290,45,1,2,3,0,1,0,7,13,12,157629.20477384652
260,46,1,1,1,0,1,0,4,4,5,122386.21099017364
233,43,0,2,3,2,3,1,2,2,0,62073.02654286724
130,30,1,2,3,2,3,0,7,11,5,46303.04225408383
230,42,0,0,3,1,2,1,1,21,99,64960.33056339005
212,40,0,2,3,0,2,1,2,2,6,83232.20225935533
299,44,0,0,1,2,0,0,7,13,9,100771.55683699393
91,26,0,1,3,0,2,0,9,18,96,155927.7625493422
398,53,0,1,1,2,1,0,4,4,0,99765.32969965336
152,33,0,1,1,1,0,0,1,12,14,104629.65632924522
212,39,0,0,2,0,3,1,0,0,8,103642.14428584593
260,43,0,1,1,1,0,0,11,27,11,118726.18195051207
133,34,0,2,1,2,0,1,9,18,13,5322.613993019196
322,49,0,0,1,0,2,1,13,31,7,52862.59922346952
228,39,0,2,1,1,0,1,10,35,95,88040.23501943999
247,39,0,2,1,1,2,0,5,28,0,8698.724755828256
405,57,1,1,3,2,3,0,5,28,8,120331.71810655465
338,47,1,1,1,2,1,0,10,20,2,48527.57908646418
9,30,0,0,1,0,0,0,8,17,11,89446.30655323128
280,48,1,1,1,2,2,0,8,19,98,92175.91666368555
254,45,1,0,3,0,0,0,8,17,4,64125.49714113058
141,30,0,1,1,1,0,1,3,7,2,85841.54417823996
441,55,1,2,1,0,0,0,11,22,2,7449.374095588332
381,55,0,0,1,1,2,1,1,12,11,100923.37213506333
191,38,0,2,3,2,0,0,12,33,7,111587.44705057275
145,34,0,2,1,2,0,0,7,11,12,77125.72967064136
479,60,0,0,2,0,3,0,5,8,6,108861.1060882936
215,35,1,2,1,2,1,0,9,18,1,5483.9403472992035
41,33,1,2,1,0,0,0,0,15,11,10477.705597212047
45,31,1,2,1,1,3,0,7,13,0,11990.83471161625
246,45,1,2,1,0,3,1,5,5,8,10810.291284124954
178,39,0,1,3,2,0,0,9,18,10,114013.79438066554
237,43,0,0,1,0,1,0,13,31,98,78903.08875805621
127,34,0,2,1,1,3,0,5,5,98,7014.826456911008
1,33,1,2,1,0,3,0,10,24,0,124114.46176691425
5,21,0,2,1,0,0,0,2,2,98,79597.23105498642
64,28,1,2,3,2,1,0,11,29,97,90235.58270747897
142,30,1,2,1,2,3,0,12,33,96,124411.36610483416
97,27,0,2,3,2,1,1,5,8,14,118087.68830121418
225,43,1,0,3,2,0,1,8,34,11,103560.63959718488
425,53,0,1,3,1,2,0,5,5,5,177140.33316325574
285,44,1,2,1,1,0,0,11,22,10,10499.751756241274
192,38,0,0,3,0,2,0,9,18,10,37926.98031442647
285,48,0,2,1,1,2,1,2,2,12,66625.39426186502
98,26,1,1,2,0,1,1,9,18,1,57262.56697187079
259,45,1,2,1,1,1,0,11,27,11,172747.2651437627
140,36,0,1,4,0,2,1,11,29,98,129870.91670754417
186,38,1,2,1,1,1,1,11,22,99,5379.547783415666
229,41,1,2,1,1,3,0,10,24,9,122769.26431555793
180,36,1,1,3,2,1,0,4,16,98,141313.8662530708
214,40,1,0,1,1,0,1,1,21,0,81093.91461522052
178,38,0,0,3,0,3,0,8,19,11,100593.24320659124
55,35,1,2,1,0,3,0,2,38,98,4989.5002182032795
90,31,0,0,1,1,0,1,1,1,7,74827.7773725664
135,30,0,0,3,0,1,0,11,29,3,39923.12118017471
277,46,0,2,1,2,3,0,9,18,10,3021.349668034076
84,30,1,2,1,1,3,0,3,3,98,5950.960579620084
123,34,0,2,3,1,1,0,2,38,0,132190.32582582365
243,44,1,2,3,2,1,1,11,22,96,83258.13116758023
36,37,0,2,3,1,3,0,0,15,8,83141.64065068496
146,31,0,0,3,1,3,0,4,9,10,52736.90057940885
204,40,1,1,1,1,0,0,11,27,3,89339.66436979787
458,59,0,1,1,2,2,1,9,37,95,126526.5494391749
308,47,0,2,1,1,1,1,7,13,2,9828.553612125339
284,48,0,2,3,0,0,0,12,23,98,69747.11519983575
108,31,0,2,1,1,3,0,12,23,98,3514.735046374455
421,57,0,1,3,0,0,0,3,7,15,100543.27458442764
266,42,1,2,1,1,3,1,9,37,5,102989.26456249383
412,56,1,1,3,0,2,0,7,25,97,91249.42869486407
465,63,0,2,1,0,3,0,7,11,15,82268.71160262251
126,31,1,1,1,1,1,0,7,25,11,88336.24521717863
407,55,0,2,3,2,3,1,6,14,10,108079.44142660881
101,27,0,2,1,1,0,0,4,4,1,7529.643116780752
187,37,0,2,1,0,3,0,2,10,0,129929.01448670095
252,46,0,1,3,0,2,0,3,7,14,121864.13556347767
229,43,1,2,1,1,0,1,12,33,12,4447.7499674531655
246,39,0,0,1,0,3,0,11,27,4,49989.47007381208
190,38,1,2,1,0,0,0,2,10,13,43371.2941559665
95,32,1,2,3,0,3,1,4,4,3,140247.71042590973
205,42,0,0,1,2,1,0,13,26,95,67008.9244810124
41,25,1,1,3,1,3,0,0,0,95,50320.02252534775
137,35,0,2,1,0,0,1,5,5,8,5933.48133736967
194,34,0,0,3,1,2,1,4,4,5,49781.459603253934
128,35,0,2,1,2,0,0,1,21,12,9595.406577202539
150,37,0,0,1,0,2,0,13,26,13,160778.03772879127
104,30,0,2,1,0,0,1,8,17,6,4992.22483643138
80,26,1,1,1,0,0,0,8,17,95,113729.9947056305
65,29,0,0,3,0,0,0,9,37,98,121806.3367659042
372,50,0,2,3,2,2,1,1,21,3,70576.99470423881
398,55,1,2,1,2,3,0,1,21,12,13377.934947779822
213,35,1,2,1,2,0,1,6,14,7,159735.3718963584
79,25,0,1,1,2,1,0,10,24,95,67429.49376038286
240,40,0,0,2,0,2,0,6,14,8,103366.28221205321
143,33,0,2,3,2,2,0,1,1,2,117619.05351412868
89,32,0,1,1,2,3,1,0,15,99,91768.21795034413
229,37,0,0,1,0,2,1,5,8,4,60652.58482663146
245,40,1,0,1,0,2,1,7,25,99,77302.50891815856
50,44,1,1,3,1,2,0,0,15,8,84915.85480960841
17,39,0,2,1,2,1,0,7,11,2,7412.2332425555915
163,36,1,2,1,2,1,0,4,16,13,38082.84028065568
29,32,1,2,1,0,2,0,9,18,95,147370.45253169982
295,46,0,0,1,1,1,0,11,22,97,65209.353279857736
22,21,0,0,3,1,2,0,13,31,15,82293.84444139636
286,43,0,0,1,2,2,1,9,37,13,54800.16661912158
257,44,1,0,1,0,1,0,1,12,2,101252.30597888687
94,26,1,1,3,1,2,1,2,2,10,41886.300605059725
124,28,1,2,3,0,1,0,12,23,12,53748.17272817116
141,30,1,2,1,1,2,1,11,22,96,9536.779685137573
3,38,0,1,1,0,1,0,11,29,6,80227.35464280256
285,41,0,0,1,2,3,0,12,23,15,197284.13995490834
130,34,0,2,3,2,3,1,7,13,96,79876.5526464566
458,62,1,0,1,0,1,1,3,3,98,43062.65681191372
456,60,0,2,1,0,3,0,10,20,7,8039.916730641508
